web-scraper-order,web-scraper-start-url,articles_links,articles_links-href,Brand,Price,Adress,image_link-src
"1732654826-1","https://dakarvente.com/index.php?page=annonces_categorie&id=8&sort=&nb=5","Location d'une citroen c4","https://www.dakarvente.com/annonce-437-location-d-une-citroen-c4.html","Location d'une  citroen c4Logements de qualité à louer","20.000  FCFA","Plateau","media/annonces/pics/a86bdb3107f5ddda48690f79dac478e3.jpg"
"1732654830-2","https://dakarvente.com/index.php?page=annonces_categorie&id=8&sort=&nb=5","Location de voitures et mini bus avec chauffeur","https://www.dakarvente.com/annonce-648-location-de-voitures-et-mini-bus-avec-chauffeur.html","Location de voitures et mini bus avec chauffeurLogements de qualité à louerConcessionnaires automobiles à proximité","50.000  FCFA","Plateau","media/annonces/pics/baf6b26075945f9226489851936d8d65.jpg"
"1732654834-3","https://dakarvente.com/index.php?page=annonces_categorie&id=8&sort=&nb=5","Sen service location loue des voiture des marques","https://www.dakarvente.com/annonce-702-sen-service-location-loue-des-voiture-des-marques.html","Sen service location loue des voiture des marquesLogements de qualité à louerConcessionnaires automobiles à proximité","30.000  FCFA","Plateau","media/annonces/pics/15ea8355bee0950e2b7f50a9ad50b086.jpg"
"1732654838-4","https://dakarvente.com/index.php?page=annonces_categorie&id=8&sort=&nb=5","Toyota yaris sedan","https://www.dakarvente.com/annonce-1233-toyota-yaris-sedan.html","Toyota yaris  sedan","20.000  FCFA","Plateau","media/annonces/pics/2edb1d489a6de9f9c188533b89c779ca.jpg"
"1732654841-5","https://dakarvente.com/index.php?page=annonces_categorie&id=8&sort=&nb=5","Nissan juke","https://www.dakarvente.com/annonce-1377-nissane-juke.html","Nissan juke","50.000  FCFA","Plateau","media/annonces/pics/efc3fa21f902e1e8691a6d23e14eb5d8.jpg"
"1732654845-6","https://dakarvente.com/index.php?page=annonces_categorie&id=8&sort=&nb=5","Location de voiture cobalt","https://www.dakarvente.com/annonce-1302-location-de-voiture-cobalt.html","Location de voiture cobalt","25.000  FCFA","Plateau","media/annonces/pics/b8beb78f2536162ef279fa99eb2c6e15.jpg"
"1732654849-7","https://dakarvente.com/index.php?page=annonces_categorie&id=8&sort=&nb=5","Toyota sequoia v8 a louer","https://www.dakarvente.com/annonce-2070-toyota-sequoia-v8-a-louer.html","Toyota sequoia v8 a louer","100.000  FCFA","Plateau","media/annonces/pics/516fe4d4d1e6c03dbbf60241d5bbeeaa.jpg"
"1732654853-8","https://dakarvente.com/index.php?page=annonces_categorie&id=8&sort=&nb=5","loue voiture toutes marque à partir de 25 000 cfa","https://www.dakarvente.com/annonce-2301-loue-voiture-toutes-marque-partir-de-25-000-cfa.html","loue voiture toutes marque à partir de 25 000 cfa","30.000  FCFA","Ouest Foire","media/annonces/pics/238760a28f9060a5d01fcf5ecd260e2a.png"
"1732654856-9","https://dakarvente.com/index.php?page=annonces_categorie&id=8&sort=&nb=5","Location  nissan juke","https://www.dakarvente.com/annonce-1378-location-nissan-juke.html","Location  nissan juke","50.000  FCFA","Plateau","img/nophoto.png"
"1732654860-10","https://dakarvente.com/index.php?page=annonces_categorie&id=8&sort=&nb=5","Bateau à louer","https://www.dakarvente.com/annonce-3079-bateau-louer.html","Bateau à louer","90.000  FCFA","Somone","media/annonces/pics/f3fe90a0ee4bb8c0e3232774052718cf.jpg"
"1732654864-11","https://dakarvente.com/index.php?page=annonces_categorie&id=8&sort=&nb=5","ORGANISEUR POUR VOITURE","https://www.dakarvente.com/annonce-3352-organiseur-pour-voiture.html","ORGANISEUR POUR VOITUREConcessionnaires automobiles à proximité","8.500  FCFA","Dakar","media/annonces/pics/ff283a4ef0e2c75c782ee031ba194f63.jpg"
"1732654871-12","https://dakarvente.com/index.php?page=annonces_categorie&id=8&sort=&nb=5","Location véhicules","https://www.dakarvente.com/annonce-4687-location-vhicules-louer.html","Location véhicules","25.000  FCFA","Amitié","media/annonces/pics/1ac9aec248070b20d0d0d3946f417174.jpeg"
"1732654875-13","https://dakarvente.com/index.php?page=annonces_categorie&id=8&sort=&nb=5","Chevrolet Equinoxe à louer","https://www.dakarvente.com/annonce-4756-darou-rakhmane-trading-location-de-chevrolet-quinoxe.html","Chevrolet Equinoxe à louer","","Nord Foire","media/annonces/pics/6bf0b7a2e5e0675b57a4494a621a14dc.jpg"
"1732654879-14","https://dakarvente.com/index.php?page=annonces_categorie&id=8&sort=&nb=5","Location de Ford focus","https://www.dakarvente.com/annonce-4757-darou-rakhmane-trading-location-de-ford-focus.html","Location de Ford focus","40.000  FCFA","Nord Foire","media/annonces/pics/f4610e2a44faba5ea20348be8ba5a2a1.jpg"
"1732654884-15","https://dakarvente.com/index.php?page=annonces_categorie&id=8&sort=&nb=5","DAROU RAKHMANE TRADING location de voiture","https://www.dakarvente.com/annonce-4877-darou-rakhmane-trading-location-de-voiture.html","DAROU RAKHMANE TRADING location de voiture","","Nord Foire","media/annonces/pics/463970366b8932f017e800c2d0766bb5.jpg"
"1732654887-16","https://dakarvente.com/index.php?page=annonces_categorie&id=8&sort=&nb=5","4 x 4 Renault Dacia Duster à louer","https://www.dakarvente.com/annonce-4939-4-x-4-renault-dacia-duster-a-louer.html","4 x 4 Renault Dacia Duster à louer","30.000  FCFA","Somone","media/annonces/pics/8aee50931178b4da412eddb89eea6e94.jpg"
"1732654892-17","https://dakarvente.com/index.php?page=annonces_categorie&id=8&sort=&nb=5","Subaru legacy limited","https://www.dakarvente.com/annonce-5219-subaru-legacy-limited.html","Subaru legacy limited","35.000  FCFA","Liberté 6","media/annonces/pics/04703456943d79c028e0695b1865c1f2.jpg"
"1732654896-18","https://dakarvente.com/index.php?page=annonces_categorie&id=8&sort=&nb=5","location de voitures","https://www.dakarvente.com/annonce-5312-location-de-voiture.html","location de voitures","","Point E","media/annonces/pics/41eb4a9fdf7fe7f81997b0996ed5053e.jpg"
"1732654900-19","https://dakarvente.com/index.php?page=annonces_categorie&id=8&sort=&nb=5","VENTE DE VOITURES","https://www.dakarvente.com/annonce-5313-vente-de-voitures.html","VENTE DE VOITURES","","Point E","media/annonces/pics/0202bca751d63fde1fab79a4ce8c77a1.jpg"
"1732654904-20","https://dakarvente.com/index.php?page=annonces_categorie&id=8&sort=&nb=5","Location de voitures toutes marques","https://www.dakarvente.com/annonce-5637-l-occasion-de-voiture-tout-marque.html","Location de voitures toutes marques","","Grand Dakar","media/annonces/pics/2c6d62fc48f2fdff40d293c6a404d6a9.jpg"
"1732654907-21","https://dakarvente.com/index.php?page=annonces_categorie&id=8&sort=&nb=5","location de voiture","https://www.dakarvente.com/annonce-5671-location-de-voiture.html","location de voiture","","Point E","media/annonces/pics/03873d968751937dd0b6f20804410f2b.jpg"
"1732654912-22","https://dakarvente.com/index.php?page=annonces_categorie&id=8&sort=&nb=5","LOCATION VOITURE  DIESEL LUXUEUSE ET CLIMATISÉE","https://www.dakarvente.com/annonce-5907-location-voiture-diesel-luxueuse-et-climatise.html","LOCATION VOITURE  DIESEL LUXUEUSE ET CLIMATISÉE","35.000  FCFA","Dakar","media/annonces/pics/ced103919cdfd3208897cea2c04ec58c.jpeg"
"1732654916-23","https://dakarvente.com/index.php?page=annonces_categorie&id=8&sort=&nb=5","A louer Chevrolet Cruze","https://www.dakarvente.com/annonce-7020-a-louer-chevrolet-cruze.html","A louer Chevrolet Cruze","25.000  FCFA","Dakar","media/annonces/pics/f7d843ac78eb236c45858001e1b214aa.jpg"
"1732654920-24","https://dakarvente.com/index.php?page=annonces_categorie&id=8&sort=&nb=5","Location Toyota Corolla 2006","https://www.dakarvente.com/annonce-8161-location-toyota-corolla-2006.html","Location Toyota Corolla 2006","1  FCFA","Point E","media/annonces/pics/a4e7295ada250b98cdb000398584f8b2.jpg"
"1732654925-25","https://dakarvente.com/index.php?page=annonces_categorie&id=8&sort=&nb=5","LOCATION DE VEHICULES","https://www.dakarvente.com/annonce-8296-location-de-vehicules.html","LOCATION DE VEHICULES","25.000  FCFA","Golf","media/annonces/pics/6be3ce251106e60820a84b53b8124812.jpg"
"1732654936-26","https://dakarvente.com/index.php?page=annonces_categorie&id=8&sort=&nb=4","Location de voitures automatiques","https://www.dakarvente.com/annonce-8866-location-de-voitures-automatiques.html","Location de voitures automatiques","30.000  FCFA","Biscuiterie","media/annonces/pics/d3ce551e6901cfa93733794e172d7417.jpeg"
"1732654940-27","https://dakarvente.com/index.php?page=annonces_categorie&id=8&sort=&nb=4","Location Citroën C4 avec chauffeur","https://www.dakarvente.com/annonce-9244-location-c4-avec-chauffeur.html","Location  Citroën C4 avec chauffeurLogements de qualité à louer","20.000  FCFA","Dakar","media/annonces/pics/6efef7fd13a7b03f1f2a55de2c46b5ff.jpeg"
"1732654944-28","https://dakarvente.com/index.php?page=annonces_categorie&id=8&sort=&nb=4","Location de voiture","https://www.dakarvente.com/annonce-9337-location-de-voiture.html","Location de voiture","1  FCFA","Point E","media/annonces/pics/2693d95e11ea50b877350d5ab60f3554.jpg"
"1732654948-29","https://dakarvente.com/index.php?page=annonces_categorie&id=8&sort=&nb=4","Location PICK UP L200","https://www.dakarvente.com/annonce-9392-location-pick-up-l200.html","Location PICK UP L200Logements de qualité à louer","30.000  FCFA","Dakar","media/annonces/pics/d3870e7cd63147e18b573d867888f32a.jpg"
"1732654952-30","https://dakarvente.com/index.php?page=annonces_categorie&id=8&sort=&nb=4","Location Ford Focus","https://www.dakarvente.com/annonce-9494-location-ford-focus.html","Location Ford Focus","25.000  FCFA","Parcelles assainies","media/annonces/pics/83f66fde220622bf834c628664665ace.jpeg"
"1732654956-31","https://dakarvente.com/index.php?page=annonces_categorie&id=8&sort=&nb=4","Ford Transit utilitaire Van R.A.S","https://www.dakarvente.com/annonce-9536-ford-transit-utilitaire-van-ras.html","Ford Transit utilitaire  Van R.A.S","3.800.000  FCFA","Dakar","media/annonces/pics/4181c7c4000153ee213588aa613044d8.jpg"
"1732654960-32","https://dakarvente.com/index.php?page=annonces_categorie&id=8&sort=&nb=4","Location voiture","https://www.dakarvente.com/annonce-9628-location-voiture.html","Location voiture","1  FCFA","Point E","media/annonces/pics/861fa614aaf58719664d5a9420320a77.jpg"
"1732654964-33","https://dakarvente.com/index.php?page=annonces_categorie&id=8&sort=&nb=4","location d'une camionnette","https://www.dakarvente.com/annonce-9670-location-d-une-camionnette.html","location d'une camionnette","60.000  FCFA","Dakar","media/annonces/pics/71f159ec68baa919a2931af6e821eb3c.jpg"
"1732654969-34","https://dakarvente.com/index.php?page=annonces_categorie&id=8&sort=&nb=4","Location Toyota Hiace High Roof","https://www.dakarvente.com/annonce-9722-location-toyota-hiace-high-roof.html","Location  Toyota Hiace High RoofLogements de qualité à louer","50.000  FCFA","Dakar","media/annonces/pics/46c969c80e17724a6d0399e1e94ef6ef.jpg"
"1732654973-35","https://dakarvente.com/index.php?page=annonces_categorie&id=8&sort=&nb=4","Location de voiture","https://www.dakarvente.com/annonce-10567-location-de-voiture.html","Location de voitureLogements de qualité à louerConcessionnaires automobiles à proximité","","Dakar","media/annonces/pics/3ee330d5f03181485a3cea5833e69242.jpg"
"1732654977-36","https://dakarvente.com/index.php?page=annonces_categorie&id=8&sort=&nb=4","Chambre meublée à louer","https://www.dakarvente.com/annonce-10575-chambre-meuble-louer.html","Chambre meublée à louer","30.000  FCFA","Liberté 6","media/annonces/pics/dadf6b0582d4ace089af9ac77be24898.jpg"
"1732654981-37","https://dakarvente.com/index.php?page=annonces_categorie&id=8&sort=&nb=4","Voiture à louer","https://www.dakarvente.com/annonce-10576-voiture-louer.html","Voiture à louer","30.000  FCFA","Liberté 6","media/annonces/pics/09d53647984c3d7f0b764258a2e97587.jpg"
"1732654985-38","https://dakarvente.com/index.php?page=annonces_categorie&id=8&sort=&nb=4","Location auto Toyota pickup 4X4","https://www.dakarvente.com/annonce-10844-location-auto-toyota-pickup-4x4.html","Location auto Toyota pickup 4X4","35.000  FCFA","Nord Foire","media/annonces/pics/b6eef12e28d39593f5a2837483abf41d.jpg"
"1732654989-39","https://dakarvente.com/index.php?page=annonces_categorie&id=8&sort=&nb=4","Voiture à louer","https://www.dakarvente.com/annonce-10857-voiture-louer.html","Voiture à louerConcessionnaires automobiles à proximité","35.000  FCFA","Liberté 6","media/annonces/pics/cb2af9475592721e24c6bd8e23b26247.jpg"
"1732654993-40","https://dakarvente.com/index.php?page=annonces_categorie&id=8&sort=&nb=4","Location véhicule + chauffeur","https://www.dakarvente.com/annonce-10977-location-vhicule-chauffeur.html","Location véhicule + chauffeur","30.000  FCFA","Castors","media/annonces/pics/c85b445746abba358fa397ad3bbdde95.jpg"
"1732654996-41","https://dakarvente.com/index.php?page=annonces_categorie&id=8&sort=&nb=4","Location véhicule + chauffeur","https://www.dakarvente.com/annonce-10997-location-vhicule-chauffeur.html","Location véhicule + chauffeur","30.000  FCFA","Castors","media/annonces/pics/50b558537b42d2d0b28e38ae40269c34.jpg"
"1732655001-42","https://dakarvente.com/index.php?page=annonces_categorie&id=8&sort=&nb=4","Location minibus Toyota Hiace 14 places","https://www.dakarvente.com/annonce-11119-location-minibus-toyota-hiace-14-places.html","Location minibus  Toyota Hiace 14 placesLogements de qualité à louer","50.000  FCFA","Yoff","media/annonces/pics/b07d34237b2718ac1eb59ab80101e1a9.jpg"
"1732655005-43","https://dakarvente.com/index.php?page=annonces_categorie&id=8&sort=&nb=4","location de voitures","https://www.dakarvente.com/annonce-11781-location-de-voitures.html","location de voitures","1  FCFA","Point E","media/annonces/pics/16f99acb79687cd246852ada73ba4923.jpg"
"1732655009-44","https://dakarvente.com/index.php?page=annonces_categorie&id=8&sort=&nb=4","Location de voiture avec chauffeur","https://www.dakarvente.com/annonce-11866-location-de-voiture-avec-chauffeur.html","Location de voiture avec chauffeur Logements de qualité à louerConcessionnaires automobiles à proximité","20.000  FCFA","Almadies","media/annonces/pics/5b40864ad382a50047d99be0f0f4e422.jpg"
"1732655013-45","https://dakarvente.com/index.php?page=annonces_categorie&id=8&sort=&nb=4","Location & vente de voiture","https://www.dakarvente.com/annonce-11923-location-vente-de-voiture.html","Location & vente de voitureLogements de qualité à louerConcessionnaires automobiles à proximité","1  FCFA","Point E","media/annonces/pics/ab9bad02ee17f90c58479e4407eef6fc.jpg"
"1732655017-46","https://dakarvente.com/index.php?page=annonces_categorie&id=8&sort=&nb=4","Ventes et locations de véhicules","https://www.dakarvente.com/annonce-12274-ventes-et-locations-de-vhicules.html","Ventes et locations de véhicules Logements de qualité à louerConcessionnaires automobiles à proximité","350.000  FCFA","Rufisque","media/annonces/pics/8834dcd95bb8e252ab1bbb11a0cd3287.jpeg"
"1732655021-47","https://dakarvente.com/index.php?page=annonces_categorie&id=8&sort=&nb=4","Location de voitures","https://www.dakarvente.com/annonce-12327-location-de-voitures.html","Location de voitures","22.500  FCFA","Grand Yoff","media/annonces/pics/e9abc0214190f1882243bcf619d249af.jpeg"
"1732655025-48","https://dakarvente.com/index.php?page=annonces_categorie&id=8&sort=&nb=4","Location et vente de voiture","https://www.dakarvente.com/annonce-12439-location-et-vente-de-voiture.html","Location et vente de voiture","1  FCFA","Point E","media/annonces/pics/b40fa52e9a95b4b426399b8e9f4bd278.jpg"
"1732655029-49","https://dakarvente.com/index.php?page=annonces_categorie&id=8&sort=&nb=4","Location de voiture","https://www.dakarvente.com/annonce-12500-location-de-voiture.html","Location de voiture","35.000  FCFA","Nord Foire","media/annonces/pics/c38aa787916e6cf5023248a00faac531.jpeg"
"1732655034-50","https://dakarvente.com/index.php?page=annonces_categorie&id=8&sort=&nb=4","Location Mercedes ML350 CDI 4Matic","https://www.dakarvente.com/annonce-12777-location-mercedes-ml350-cdi-4matic.html","Location  Mercedes ML350 CDI 4MaticLogements de qualité à louer","45.000  FCFA","Almadies","media/annonces/pics/6c487fbd19015c29fd7dc9af436e9946.jpg"
"1732655038-51","https://dakarvente.com/index.php?page=annonces_categorie&id=8&sort=&nb=4","Location/vente de voiture","https://www.dakarvente.com/annonce-12892-location-vente-de-voiture.html","Location/vente de voiture","1  FCFA","Point E","media/annonces/pics/afc2f5f630d7aa7adb7824ace4603726.jpg"
"1732655042-52","https://dakarvente.com/index.php?page=annonces_categorie&id=8&sort=&nb=4","Location/vente de voiture","https://www.dakarvente.com/annonce-12989-location-vente-de-voiture.html","Location/vente de voiture","1  FCFA","Point E","media/annonces/pics/816710e747108aa81c42cffc1b8161ef.jpg"
"1732655047-53","https://dakarvente.com/index.php?page=annonces_categorie&id=8&sort=&nb=4","Location Ford Fusion SE Toutes options","https://www.dakarvente.com/annonce-13090-location-ford-fusion-se-toutes-options.html","Location Ford Fusion SE Toutes options","22.500  FCFA","Almadies","media/annonces/pics/8ae384b19b1e037cc594452892e37498.jpg"
"1732655051-54","https://dakarvente.com/index.php?page=annonces_categorie&id=8&sort=&nb=4","Location et vente de voiture","https://www.dakarvente.com/annonce-13160-location-et-vente-de-voiture.html","Location et vente de voiture","1  FCFA","Point E","media/annonces/pics/7dac82bf86429a41dce3e23e4d16b317.jpg"
"1732655055-55","https://dakarvente.com/index.php?page=annonces_categorie&id=8&sort=&nb=4","Location de voitures","https://www.dakarvente.com/annonce-13249-location-de-voitures.html","Location de voitures","22.500  FCFA","Liberté 6","media/annonces/pics/5447bed7d0a89649731400f224443f4f.jpeg"
"1732655059-56","https://dakarvente.com/index.php?page=annonces_categorie&id=8&sort=&nb=4","Location et vente de voiture","https://www.dakarvente.com/annonce-13250-location-et-vente-de-voiture.html","Location et vente de voiture","1  FCFA","Point E","media/annonces/pics/9adccb424c8f69811c4487dd6631a09c.jpg"
"1732655063-57","https://dakarvente.com/index.php?page=annonces_categorie&id=8&sort=&nb=4","Location et vente de voiture","https://www.dakarvente.com/annonce-13776-location-et-vente-de-voiture.html","Location et vente de voitureLogements de qualité à louerConcessionnaires automobiles à proximité","1  FCFA","Point E","media/annonces/pics/6721dc3594bb10bfba8474d4c58a04af.jpg"
"1732655067-58","https://dakarvente.com/index.php?page=annonces_categorie&id=8&sort=&nb=4","Location et Vente de voitures","https://www.dakarvente.com/annonce-13825-location-et-vente-de-voitures.html","Location et Vente de voituresLogements de qualité à louerConcessionnaires automobiles à proximité","1  FCFA","Point E","media/annonces/pics/c3f2fd7d2368fc120ffa8419c671338d.jpg"
"1732655072-59","https://dakarvente.com/index.php?page=annonces_categorie&id=8&sort=&nb=4","Location peugeot 508 avec chauffeur","https://www.dakarvente.com/annonce-13846-location-peugeot-508-avec-chauffeur.html","Location peugeot 508 avec chauffeur","25  FCFA","Keur Massar","media/annonces/pics/b121b3382f2fe451c70433af9b5bf4e6.jpg"
"1732655076-60","https://dakarvente.com/index.php?page=annonces_categorie&id=8&sort=&nb=4","Location de voiture avec ou sans chauffeur","https://www.dakarvente.com/annonce-14292-location-de-voiture-avec-ou-sans-chauffeur.html","Location de voiture avec ou sans chauffeur","20.000  FCFA","Thiès","media/annonces/pics/796144b9d8cebe872d29e52ae5f8fe7d.jpg"
"1732655080-61","https://dakarvente.com/index.php?page=annonces_categorie&id=8&sort=&nb=4","Location voiture Ford Escape 2011","https://www.dakarvente.com/annonce-14556-location-voiture-ford-escape-2011.html","Location voiture Ford Escape 2011","40.000  FCFA","Ouakam","media/annonces/pics/ef0ec254b16b01753ea4422825cf52db.jpeg"
"1732655084-62","https://dakarvente.com/index.php?page=annonces_categorie&id=8&sort=&nb=4","AUTO-ECOLE","https://www.dakarvente.com/annonce-14729-auto-ecole.html","AUTO-ECOLE","1  FCFA","Point E","media/annonces/pics/b86b2ab5a68c0c8f384ffec283ec4c14.jpeg"
"1732655088-63","https://dakarvente.com/index.php?page=annonces_categorie&id=8&sort=&nb=4","Auto-école","https://www.dakarvente.com/annonce-14783-auto-cole.html","Auto-école","1  FCFA","Point E","media/annonces/pics/7ee6366d1c989cfabb720c081ddc4458.jpeg"
"1732655092-64","https://dakarvente.com/index.php?page=annonces_categorie&id=8&sort=&nb=4","Auto-école","https://www.dakarvente.com/annonce-14835-auto-cole.html","Auto-école","1  FCFA","Point E","media/annonces/pics/fe0d66dcbf20e539b5e92cf90f18acf4.jpeg"
"1732655096-65","https://dakarvente.com/index.php?page=annonces_categorie&id=8&sort=&nb=4","Hyundai Santa Fe 2015 7 Places","https://www.dakarvente.com/annonce-15092-hyundai-santa-fe-2015-7-places.html","Hyundai Santa Fe 2015 7 Places","50.000  FCFA","Plateau","media/annonces/pics/435e8567799ae4679a5bf8669316f727.jpeg"
"1732655100-66","https://dakarvente.com/index.php?page=annonces_categorie&id=8&sort=&nb=4","Kia Sorento à louer","https://www.dakarvente.com/annonce-16693-kia-sorento-louer.html","Kia Sorento à louer","35.000  FCFA","Sicap liberté","media/annonces/pics/5fe2c39df0696bf785bca141064e934e.jpeg"
"1732655105-67","https://dakarvente.com/index.php?page=annonces_categorie&id=8&sort=&nb=4","Location de véhicule","https://www.dakarvente.com/annonce-16867-location-de-vhicule.html","Location de véhicule","40.000  FCFA","Dakar","media/annonces/pics/bca0d8e1a27852ee316fa7ec2e0a419b.jpg"
"1732655116-68","https://dakarvente.com/index.php?page=annonces_categorie&id=8&sort=&nb=3","Location de voiture","https://www.dakarvente.com/annonce-18318-location-de-voiture.html","Location de voitureLogements de qualité à louerConcessionnaires automobiles à proximité","15.000  FCFA","Saly","media/annonces/pics/59d2477813b328cea3dbb7180a43673b.jpg"
"1732655120-69","https://dakarvente.com/index.php?page=annonces_categorie&id=8&sort=&nb=3","Location de véhicule","https://www.dakarvente.com/annonce-19134-location-de-vhicule.html","Location de véhicule","15.000  FCFA","Ouakam","img/nophoto.png"
"1732655124-70","https://dakarvente.com/index.php?page=annonces_categorie&id=8&sort=&nb=3","Location Peugeot Partenaire","https://www.dakarvente.com/annonce-19144-location-peugeot-partenaire.html","Location Peugeot Partenaire","25.000  FCFA","Almadies","media/annonces/pics/dc77f6009bad26e44286410abce2d895.jpg"
"1732655128-71","https://dakarvente.com/index.php?page=annonces_categorie&id=8&sort=&nb=3","Location Pick up Mitsubishi","https://www.dakarvente.com/annonce-19234-location-pick-up-mitsubishi.html","Location  Pick up MitsubishiLogements de qualité à louer","40.000  FCFA","Bene Tally","media/annonces/pics/1818d97b6962c74c4eaaddf709eb861b.jpg"
"1732655132-72","https://dakarvente.com/index.php?page=annonces_categorie&id=8&sort=&nb=3","Location Ford focus","https://www.dakarvente.com/annonce-19395-location-ford-focus.html","Location Ford focus","30.000  FCFA","Dakar","media/annonces/pics/c493dd93c7f53a76e2a3e56bad829219.jpg"
"1732655137-73","https://dakarvente.com/index.php?page=annonces_categorie&id=8&sort=&nb=3","LOCATION HYUNDAI ELANTRA","https://www.dakarvente.com/annonce-19396-location-hyundai-elantra.html","LOCATION HYUNDAI ELANTRA","30.000  FCFA","Point E","media/annonces/pics/50d2bee78f4c77d36a04517dc80219cc.jpg"
"1732655141-74","https://dakarvente.com/index.php?page=annonces_categorie&id=8&sort=&nb=3","LOCATION RANGE ROVER","https://www.dakarvente.com/annonce-19397-location-range-rover.html","LOCATION RANGE ROVER","200.000  FCFA","Dakar","media/annonces/pics/d2f68c5ce9ff77083e93f3ee4f43166d.jpg"
"1732655145-75","https://dakarvente.com/index.php?page=annonces_categorie&id=8&sort=&nb=3","Location et vente","https://www.dakarvente.com/annonce-19701-location-et-vente.html","Location et vente","35.000  FCFA","Médina","media/annonces/pics/7ba627de8acfe9e8fad90f411e8ed774.jpeg"
"1732655149-76","https://dakarvente.com/index.php?page=annonces_categorie&id=8&sort=&nb=3","Location et vente","https://www.dakarvente.com/annonce-19702-location-et-vente.html","Location et vente","45.000  FCFA","Médina","media/annonces/pics/126a7dc71debd07af529a3354c154a90.jpeg"
"1732655156-77","https://dakarvente.com/index.php?page=annonces_categorie&id=8&sort=&nb=3","Location de voiture","https://www.dakarvente.com/annonce-19897-location-de-voiture.html","Location de voiture","35.000  FCFA","Grand Yoff","media/annonces/pics/79b25abee738962c77138066c0f7b87a.jpeg"
"1732655160-78","https://dakarvente.com/index.php?page=annonces_categorie&id=8&sort=&nb=3","Véhicule à louer","https://www.dakarvente.com/annonce-20208-vhicule-louer.html","Véhicule à louer","15.000  FCFA","Ouakam","media/annonces/pics/42331c1a4d3c5afb1e9d14a4f349dbfa.jpg"
"1732655165-79","https://dakarvente.com/index.php?page=annonces_categorie&id=8&sort=&nb=3","Kia Picanto à louer avec chauffeur","https://www.dakarvente.com/annonce-20803-kia-picanto-louer-avec-chauffeur.html","Kia Picanto à louer avec chauffeur","25.000  FCFA","HLM","media/annonces/pics/04cdd142930b7a180654754c47a045b3.jpg"
"1732655169-80","https://dakarvente.com/index.php?page=annonces_categorie&id=8&sort=&nb=3","Location PEUGEOT PARTENAIRE","https://www.dakarvente.com/annonce-21044-location-peugeot-partenaire.html","Location PEUGEOT PARTENAIRE","25.000  FCFA","Ouakam","media/annonces/pics/1a438c0ac81b0d1436d411691160cc7c.jpg"
"1732655173-81","https://dakarvente.com/index.php?page=annonces_categorie&id=8&sort=&nb=3","location Mitsubishi L200 climatisée","https://www.dakarvente.com/annonce-21343-location-mitsubishi-l200-climatise.html","location Mitsubishi L200 climatisée","","HLM",""
"1732655177-82","https://dakarvente.com/index.php?page=annonces_categorie&id=8&sort=&nb=3","Location de voiture","https://www.dakarvente.com/annonce-21658-location-de-voiture.html","Location de voiture","100  FCFA","Cité Keur Gorgui","media/annonces/pics/64e82509f242471e25bf59d8958434e0.jpeg"
"1732655180-83","https://dakarvente.com/index.php?page=annonces_categorie&id=8&sort=&nb=3","Océan Afrique","https://www.dakarvente.com/annonce-23101-ocan-afrique.html","Océan Afrique","","Ouest Foire","media/annonces/pics/8ce41b47ac18801afdeace732593f2e9.png"
"1732655184-84","https://dakarvente.com/index.php?page=annonces_categorie&id=8&sort=&nb=3","Location de Bus","https://www.dakarvente.com/annonce-23112-location-de-bus.html","Location de Bus","10.000  FCFA","Keur Massar","media/annonces/pics/7035dd034d5f758be38f3b499f4f0130.jpeg"
"1732655188-85","https://dakarvente.com/index.php?page=annonces_categorie&id=8&sort=&nb=3","Location de véhicules","https://www.dakarvente.com/annonce-23594-location-de-vhicules.html","Location de véhicules","15.000  FCFA","Ouakam","img/nophoto.png"
"1732655192-86","https://dakarvente.com/index.php?page=annonces_categorie&id=8&sort=&nb=3","Location de voiture","https://www.dakarvente.com/annonce-25263-location-de-voiture.html","Location de voiture","15.000  FCFA","Ouakam","media/annonces/pics/4230267e1bcbb509e8085137f23e8e80.jpg"
"1732655197-87","https://dakarvente.com/index.php?page=annonces_categorie&id=8&sort=&nb=3","Location Ford Explorer","https://www.dakarvente.com/annonce-25386-location-ford-explorer.html","Location Ford Explorer","40.000  FCFA","Sacré Coeur","media/annonces/pics/870c6dfdab400764231845753e8f976f.jpg"
"1732655200-88","https://dakarvente.com/index.php?page=annonces_categorie&id=8&sort=&nb=3","Location de voitures de luxe","https://www.dakarvente.com/annonce-26186-location-de-voitures-de-luxe.html","Location de voitures de luxe","100.000  FCFA","Almadies","media/annonces/pics/655225f7923cdcc35d43af653ad12277.jpeg"
"1732655204-89","https://dakarvente.com/index.php?page=annonces_categorie&id=8&sort=&nb=3","Location Kia Sportage","https://www.dakarvente.com/annonce-26727-location-kia-sportage.html","Location Kia Sportage","30.000  FCFA","Guédiawaye","media/annonces/pics/0396cdf51d37ef2a9a309ed317fbd64f.jpg"
"1732655208-90","https://dakarvente.com/index.php?page=annonces_categorie&id=8&sort=&nb=3","Location de voiture","https://www.dakarvente.com/annonce-26795-location-de-voiture.html","Location de voiture","25.000  FCFA","Dakar","media/annonces/pics/c307a4defd6bd0a485a5f0c4c77fae22.jpeg"
"1732655211-91","https://dakarvente.com/index.php?page=annonces_categorie&id=8&sort=&nb=3","Location de vehicule","https://www.dakarvente.com/annonce-26926-location-de-vehicule.html","Location de vehicule","25.000  FCFA","Ouakam","media/annonces/pics/3b3d32ac9318128d76b7e4381d3c204d.jpg"
"1732655215-92","https://dakarvente.com/index.php?page=annonces_categorie&id=8&sort=&nb=3","Location de voiture","https://www.dakarvente.com/annonce-27952-location-de-voiture.html","Location de voiture","30.000  FCFA","Dakar","media/annonces/pics/790add4d4702c5e9e4096448d8edac96.jpg"
"1732655219-93","https://dakarvente.com/index.php?page=annonces_categorie&id=8&sort=&nb=3","Location de Voitures","https://www.dakarvente.com/annonce-28446-location-de-voitures.html","Location de VoituresLogements de qualité à louerConcessionnaires automobiles à proximité","35.000  FCFA","Ouakam","media/annonces/pics/ae20c706f30e56a758d173bd21620f59.jpeg"
"1732655223-94","https://dakarvente.com/index.php?page=annonces_categorie&id=8&sort=&nb=3","Location de véhicule","https://www.dakarvente.com/annonce-28677-location-de-vhicule.html","Location de véhicule","30.000  FCFA","Médina","media/annonces/pics/e190835864737c0ca620bb59c6449209.jpeg"
"1732655227-95","https://dakarvente.com/index.php?page=annonces_categorie&id=8&sort=&nb=3","LOCATION DE VOITURES","https://www.dakarvente.com/annonce-28966-location-de-voitures.html","LOCATION DE VOITURESLogements de qualité à louerConcessionnaires automobiles à proximité","25.000  FCFA","VDN","media/annonces/pics/445b71f3f9920c73296ab494385af9eb.jpeg"
"1732655230-96","https://dakarvente.com/index.php?page=annonces_categorie&id=8&sort=&nb=3","Location véhicule pick up","https://www.dakarvente.com/annonce-29156-location-vhicule-pick-up.html","Location véhicule pick up","40.000  FCFA","Gueule tapée","media/annonces/pics/ab09f394513bb158ef4709676028a99e.jpeg"
"1732655234-97","https://dakarvente.com/index.php?page=annonces_categorie&id=8&sort=&nb=3","Location de voiture Renault megane scenic","https://www.dakarvente.com/annonce-29861-location-de-voiture-renault-megane-scenic.html","Location de voiture  Renault megane  scenicLogements de qualité à louerConcessionnaires automobiles à proximité","12.000  FCFA","Dakar","media/annonces/pics/b334ea90f7f62d04e7b6e40af445ce58.jpg"
"1732655238-98","https://dakarvente.com/index.php?page=annonces_categorie&id=8&sort=&nb=3","Location kia sorento 7 places climatisé","https://www.dakarvente.com/annonce-30686-location-kia-sorento-7-places-climatis.html","Location kia sorento 7 places climatisé","","Dakar","media/annonces/pics/f2d6bbede1efe7f40a9e029e5bac0167.jpg"
"1732655242-99","https://dakarvente.com/index.php?page=annonces_categorie&id=8&sort=&nb=3","LOCATION DE VOITURES DE LUXE","https://www.dakarvente.com/annonce-30727-location-de-voitures-de-luxe.html","LOCATION DE VOITURES DE LUXELogements de qualité à louerConcessionnaires automobiles à proximité","","Dakar","media/annonces/pics/6d1dff282252432cc8deb621271a533e.jpg"
"1732655246-100","https://dakarvente.com/index.php?page=annonces_categorie&id=8&sort=&nb=3","Location MERCEDES GLE","https://www.dakarvente.com/annonce-30734-location-mercedes-gle.html","Location  MERCEDES GLELogements de qualité à louer","","Dakar","media/annonces/pics/97472f48e50bc0fd9afbb5aa9d77d87d.jpg"
"1732655250-101","https://dakarvente.com/index.php?page=annonces_categorie&id=8&sort=&nb=3","Location Ford Fusion","https://www.dakarvente.com/annonce-30739-location-ford-fusion.html","Location Ford FusionLogements de qualité à louer","","Dakar","media/annonces/pics/6699b85e8234939019e8f13fd3546d3d.jpg"
"1732655254-102","https://dakarvente.com/index.php?page=annonces_categorie&id=8&sort=&nb=3","RANGE ROVER SPORT KIT SVR","https://www.dakarvente.com/annonce-30777-range-rover-sport-kit-svr.html","RANGE ROVER SPORT KIT SVR","","Dakar","media/annonces/pics/0b1371b3171e977724c7108359b5a934.jpg"
"1732655259-103","https://dakarvente.com/index.php?page=annonces_categorie&id=8&sort=&nb=3","Location Toyota Illux manuel","https://www.dakarvente.com/annonce-30781-location-toyota-illux-manuel.html","Location Toyota Illux manuel","","Dakar","media/annonces/pics/13092e9893179fad515499d127e807cd.jpg"
"1732655263-104","https://dakarvente.com/index.php?page=annonces_categorie&id=8&sort=&nb=3","Location Dacia Duster 2014","https://www.dakarvente.com/annonce-30902-location-dacia-duster-2014.html","Location Dacia Duster 2014","30.000  FCFA","Keur Massar","media/annonces/pics/b50e0ee00c96989297e7d1fa56fab203.jpeg"
"1732655266-105","https://dakarvente.com/index.php?page=annonces_categorie&id=8&sort=&nb=3","Location Kia optima 2014","https://www.dakarvente.com/annonce-31247-location-kia-optima-2014.html","Location  Kia optima 2014Logements de qualité à louer","30.000  FCFA","Sacré Coeur","media/annonces/pics/a7aca28b975127204361e6fdad18ff3c.jpeg"
"1732655270-106","https://dakarvente.com/index.php?page=annonces_categorie&id=8&sort=&nb=3","Location voiture au mois","https://www.dakarvente.com/annonce-31337-location-voiture-au-mois.html","Location voiture au mois","175.000  FCFA","Mamelles","media/annonces/pics/871c8bdb6c115a65c1d620c8722e3abf.jpeg"
"1732655274-107","https://dakarvente.com/index.php?page=annonces_categorie&id=8&sort=&nb=3","Location voiture au mois","https://www.dakarvente.com/annonce-31510-location-voiture-au-mois.html","Location voiture au mois","150.000  FCFA","Mamelles","media/annonces/pics/50379bcb41f6f6ef5bcc46ea85f925ac.jpeg"
"1732655279-108","https://dakarvente.com/index.php?page=annonces_categorie&id=8&sort=&nb=3","Location Hyundai Elantra","https://www.dakarvente.com/annonce-31712-location-hyundai-elantra.html","Location  Hyundai ElantraLogements de qualité à louer","35.000  FCFA","Derklé","media/annonces/pics/56a90860c36b7067f90adf01b2a4628c.jpeg"
"1732655290-109","https://dakarvente.com/index.php?page=annonces_categorie&id=8&sort=&nb=2","Location de véhicules","https://www.dakarvente.com/annonce-31833-location-de-vhicules.html","Location de véhicules","40.000  FCFA","Cité Keur Gorgui","media/annonces/pics/059d8cb751a27f28358db02af0b105c7.jpg"
"1732655293-110","https://dakarvente.com/index.php?page=annonces_categorie&id=8&sort=&nb=2","Location ford Escape","https://www.dakarvente.com/annonce-31878-location-ford-escape.html","Location ford Escape","35.000  FCFA","Cité Keur Gorgui","media/annonces/pics/a07531c8e9dec2e0b6dfb67f11fd26a6.jpg"
"1732655297-111","https://dakarvente.com/index.php?page=annonces_categorie&id=8&sort=&nb=2","Location de voiture","https://www.dakarvente.com/annonce-32027-location-de-voiture.html","Location de voiture","50.000  FCFA","Mbao","media/annonces/pics/971e1e84c39bca61daf7dff48ca7cfca.jpeg"
"1732655304-112","https://dakarvente.com/index.php?page=annonces_categorie&id=8&sort=&nb=2","Pelle Poclain","https://www.dakarvente.com/annonce-32431-pelle-poclain.html","Pelle Poclain","275.000  FCFA","Diamniadio",""
"1732655308-113","https://dakarvente.com/index.php?page=annonces_categorie&id=8&sort=&nb=2","Location de véhicule","https://www.dakarvente.com/annonce-32912-location-de-vhicule.html","Location de véhiculeLogements de qualité à louerConcessionnaires automobiles à proximité","","Ouest Foire","media/annonces/pics/f79c84ef567fbceba97c90aca75d9add.jpg"
"1732655311-114","https://dakarvente.com/index.php?page=annonces_categorie&id=8&sort=&nb=2","Transport de Voyagistes","https://www.dakarvente.com/annonce-33275-transport-de-voyagistes.html","Transport de Voyagistes","22.000  FCFA","Maristes","media/annonces/pics/523c88b5195e1005642398f2d917e868.jpg"
"1732655315-115","https://dakarvente.com/index.php?page=annonces_categorie&id=8&sort=&nb=2","Compacteur","https://www.dakarvente.com/annonce-33354-compacteur.html","Compacteur","160.000  FCFA","Dakar","media/annonces/pics/80867e028740890f3f35d111b30ec9e3.jpeg"
"1732655319-116","https://dakarvente.com/index.php?page=annonces_categorie&id=8&sort=&nb=2","Pelle Poclain","https://www.dakarvente.com/annonce-33679-pelle-poclain.html","Pelle Poclain","275.000  FCFA","Diamniadio","media/annonces/pics/0b584d4a784a289b55166b544a443d04.jpeg"
"1732655324-117","https://dakarvente.com/index.php?page=annonces_categorie&id=8&sort=&nb=2","Salon 7 places","https://www.dakarvente.com/annonce-33735-salon-7-places.html","Salon 7 places","375.000  FCFA","Sicap liberté","media/annonces/pics/d90c4e6e8e5076c54a24e058dde309cd.jpg"
"1732655328-118","https://dakarvente.com/index.php?page=annonces_categorie&id=8&sort=&nb=2","Location de voiture","https://www.dakarvente.com/annonce-33917-location-de-voiture.html","Location de voiture","25.000  FCFA","Dieuppeul","media/annonces/pics/0d4a3cbb12afd663ea391a44a6152bd1.png"
"1732655333-119","https://dakarvente.com/index.php?page=annonces_categorie&id=8&sort=&nb=2","Ford fusion titanuim","https://www.dakarvente.com/annonce-35652-ford-fusion-titanuim.html","Ford fusion titanuim","40.000  FCFA","Almadies","media/annonces/pics/d211ea6e83361e8dd5874bc237f4f619.jpg"
"1732655337-120","https://dakarvente.com/index.php?page=annonces_categorie&id=8&sort=&nb=2","Ford fusion à louer","https://www.dakarvente.com/annonce-35680-ford-fusion-louer.html","Ford fusion à louer","40.000  FCFA","Almadies","media/annonces/pics/57d782733c6e0f7b1c2ffc12636f7ec3.jpg"
"1732655341-121","https://dakarvente.com/index.php?page=annonces_categorie&id=8&sort=&nb=2","Location de voiture Hyundai Full options","https://www.dakarvente.com/annonce-36141-location-de-voiture-hyundai-full-options.html","Location de voiture Hyundai Full optionsLogements de qualité à louerConcessionnaires automobiles à proximité","40.000  FCFA","Parcelles assainies",""
"1732655345-122","https://dakarvente.com/index.php?page=annonces_categorie&id=8&sort=&nb=2","Location de voiture full options","https://www.dakarvente.com/annonce-36142-location-de-voiture-full-options.html","Location de voiture full optionsLogements de qualité à louerConcessionnaires automobiles à proximité","40.000  FCFA","Parcelles assainies","media/annonces/pics/651e514c44a5b4ded29f668ae913b562.jpeg"
"1732655350-123","https://dakarvente.com/index.php?page=annonces_categorie&id=8&sort=&nb=2","Location de voiture Hyundai Full options","https://www.dakarvente.com/annonce-36143-location-de-voiture-hyundai-full-options.html","Location de voiture Hyundai Full optionsLogements de qualité à louerConcessionnaires automobiles à proximité","40.000  FCFA","Parcelles assainies","media/annonces/pics/51c1f4c1bdb32c823751bbe57d2abcd6.jpeg"
"1732655353-124","https://dakarvente.com/index.php?page=annonces_categorie&id=8&sort=&nb=2","LOCATION TOYOTA FORTUNER AVEC CHAUFFEUR A BON PRIX","https://www.dakarvente.com/annonce-36168-location-toyota-fortuner-avec-chauffeur-a-bon-prix.html","LOCATION  TOYOTA FORTUNER AVEC CHAUFFEUR A BON PRIXLogements de qualité à louer","65.000  FCFA","Liberté 2","media/annonces/pics/2e9fd4052cbe4ba192363c1e09c12b90.jpg"
"1732655357-125","https://dakarvente.com/index.php?page=annonces_categorie&id=8&sort=&nb=2","Location de véhicules","https://www.dakarvente.com/annonce-36433-location-de-vhicules.html","Location de  véhiculesLogements de qualité à louerConcessionnaires automobiles à proximité","35.000  FCFA","Parcelles assainies","media/annonces/pics/88f4e71ac911e7b789991b79fb78effa.jpeg"
"1732655361-126","https://dakarvente.com/index.php?page=annonces_categorie&id=8&sort=&nb=2","Transfert aéroport  avec voiture climatisée. 30 000 Frs.","https://www.dakarvente.com/annonce-36650-transfert-aroport-avec-voiture-climatise-30-000-frs.html","Transfert aéroport  avec voiture climatisée. 30 000 Frs.","30.000  FCFA","Dakar","media/annonces/pics/ea4f090e4d47fa784a544f00961caedf.jpg"
"1732655365-127","https://dakarvente.com/index.php?page=annonces_categorie&id=8&sort=&nb=2","Vente et location de voitures","https://www.dakarvente.com/annonce-36889-vente-et-location-de-voitures.html","Vente et location de voitures","25.000  FCFA","Almadies","media/annonces/pics/981e8cc41b285d4b5489dd8a7187acaa.jpg"
"1732655370-128","https://dakarvente.com/index.php?page=annonces_categorie&id=8&sort=&nb=2","LOCATION DE CAMION SONORISE","https://www.dakarvente.com/annonce-36898-location-de-camion-sonorise.html","LOCATION DE  CAMION SONORISELogements de qualité à louer","250.000  FCFA","Sacré Coeur","media/annonces/pics/1d2c101f1f2e9e402cf031fad2c86f8c.png"
"1732655374-129","https://dakarvente.com/index.php?page=annonces_categorie&id=8&sort=&nb=2","Location de voitures","https://www.dakarvente.com/annonce-37124-location-de-voitures.html","Location de voitures","","Yoff",""
"1732655378-130","https://dakarvente.com/index.php?page=annonces_categorie&id=8&sort=&nb=2","LOCATION DE VOITURE FULL OPTION","https://www.dakarvente.com/annonce-37199-location-de-voiture-full-option.html","LOCATION DE VOITURE FULL OPTION","35.000  FCFA","Parcelles assainies","media/annonces/pics/ac100af12025a2b1e1c5cc56310334ce.jpeg"
"1732655382-131","https://dakarvente.com/index.php?page=annonces_categorie&id=8&sort=&nb=2","Location de voiture Hyundai","https://www.dakarvente.com/annonce-37200-location-de-voiture-hyundai.html","Location de voiture Hyundai","35.000  FCFA","Parcelles assainies","media/annonces/pics/30190b3ac06e742ec85eb1c32c56d185.jpeg"
"1732655385-132","https://dakarvente.com/index.php?page=annonces_categorie&id=8&sort=&nb=2","Location auto full option","https://www.dakarvente.com/annonce-37290-location-auto-full-option.html","Location auto full option","35.000  FCFA","Parcelles assainies","media/annonces/pics/73f57f4778eba48966dad0bd6238456f.jpeg"
"1732655390-133","https://dakarvente.com/index.php?page=annonces_categorie&id=8&sort=&nb=2","Location de camion","https://www.dakarvente.com/annonce-38410-location-de-camion.html","Location de  camionLogements de qualité à louer","","Scat Urbam","media/annonces/pics/cadedac9ac2ff7b62bdc3035488ad84c.jpg"
"1732655396-134","https://dakarvente.com/index.php?page=annonces_categorie&id=8&sort=&nb=2","LOCATION VEHICULE","https://www.dakarvente.com/annonce-38819-location-vehicule.html","LOCATION VEHICULELogements de qualité à louerConcessionnaires automobiles à proximité","35.000  FCFA","Mermoz","media/annonces/pics/b3be8ecdc35663cf6593a0ced4f04ec2.jpg"
"1732655399-135","https://dakarvente.com/index.php?page=annonces_categorie&id=8&sort=&nb=2","Location de véhicules","https://www.dakarvente.com/annonce-38874-location-de-vhicules.html","Location de véhicules","30.000  FCFA","Cité Keur Gorgui","media/annonces/pics/c110298d68713e3ebeccb35290f61b6b.jpg"
"1732655404-136","https://dakarvente.com/index.php?page=annonces_categorie&id=8&sort=&nb=2","Location de véhicules","https://www.dakarvente.com/annonce-38875-location-de-vhicules.html","Location de  véhiculesLogements de qualité à louer","30.000  FCFA","Cité Keur Gorgui","media/annonces/pics/89f833dc1cf687f7b6258396f1f1198e.jpg"
"1732655408-137","https://dakarvente.com/index.php?page=annonces_categorie&id=8&sort=&nb=2","Location de véhicules","https://www.dakarvente.com/annonce-38904-location-de-vhicules.html","Location de véhicules","30.000  FCFA","Cité Keur Gorgui","media/annonces/pics/1ab6b83d3be5bd1cec5ae90d234fc330.jpg"
"1732655412-138","https://dakarvente.com/index.php?page=annonces_categorie&id=8&sort=&nb=2","Location voiture avec chauffeur","https://www.dakarvente.com/annonce-39141-location-voiture-avec-chauffeur.html","Location voiture avec chauffeur","50.000  FCFA","Sud Foire","media/annonces/pics/87d8a2082cbc7d9564a665c1f607cd7a.jpg"
"1732655416-139","https://dakarvente.com/index.php?page=annonces_categorie&id=8&sort=&nb=2","VOITURE A LOUER POUR LES PETITES COURSES À DAKAR","https://www.dakarvente.com/annonce-40485-voiture-a-louer-pour-les-petites-courses-dakar.html","VOITURE A LOUER POUR LES PETITES COURSES À DAKAR","","Dakar","media/annonces/pics/c83270edff336dcdcf40f3cf31f2d53d.jpg"
"1732655420-140","https://dakarvente.com/index.php?page=annonces_categorie&id=8&sort=&nb=2","Madza Cx5 très propres en location","https://www.dakarvente.com/annonce-40795-madza-cx5-trs-propres-en-location.html","Madza Cx5 très propres en location","45.000  FCFA","Dakar","media/annonces/pics/96b06bf622d2bb5389f990d403c7f908.jpeg"
"1732655424-141","https://dakarvente.com/index.php?page=annonces_categorie&id=8&sort=&nb=2","Hyundai Elantra en location","https://www.dakarvente.com/annonce-40797-hyundai-elantra-en-location.html","Hyundai Elantra en locationLogements de qualité à louer","40.000  FCFA","Dakar","media/annonces/pics/03b38bea16b943e5bdbae5005cf4d051.jpeg"
"1732655428-142","https://dakarvente.com/index.php?page=annonces_categorie&id=8&sort=&nb=2","Mercedes CIA Fully disponible en location","https://www.dakarvente.com/annonce-40798-mercedes-cia-fully-disponible-en-location.html","Mercedes CIA Fully disponible en location","80.000  FCFA","Dakar","media/annonces/pics/9c59f66c864280f96aaa3a8492b5bfda.jpeg"
"1732655432-143","https://dakarvente.com/index.php?page=annonces_categorie&id=8&sort=&nb=2","Prado Land cruiser en location","https://www.dakarvente.com/annonce-40799-prado-land-cruiser-en-location.html","Prado Land cruiser en location","95.000  FCFA","Dakar","media/annonces/pics/c1a142986a13d296f0de844606d6084a.jpeg"
"1732655436-144","https://dakarvente.com/index.php?page=annonces_categorie&id=8&sort=&nb=2","Pick-up disponible en location","https://www.dakarvente.com/annonce-40822-pick-up-disponible-en-location.html","Pick-up disponible en locationLogements de qualité à louer","50.000  FCFA","Dakar","media/annonces/pics/20ead62962d0a2ea5637133d419c3093.jpeg"
"1732655440-145","https://dakarvente.com/index.php?page=annonces_categorie&id=8&sort=&nb=2","Mitsubishi à louer","https://www.dakarvente.com/annonce-40823-mitsubishi-louer.html","Mitsubishi à louer","60.000  FCFA","Dakar","media/annonces/pics/f27acd61d1d1e1e70d5c6e0bcf8d3cb3.jpeg"
"1732655444-146","https://dakarvente.com/index.php?page=annonces_categorie&id=8&sort=&nb=2","KIA Sportage à louer","https://www.dakarvente.com/annonce-40824-kia-sportage-louer.html","KIA Sportage à louer","45.000  FCFA","Dakar","media/annonces/pics/1779113fda56dd33cf432627181291f2.jpeg"
"1732655448-147","https://dakarvente.com/index.php?page=annonces_categorie&id=8&sort=&nb=2","Jeep Cherokee à louer","https://www.dakarvente.com/annonce-40825-jeep-cherokee-louer.html","Jeep Cherokee à louer","35.000  FCFA","Dakar","media/annonces/pics/21cd82d61d6049359ee336f63d977456.jpeg"
"1732655457-148","https://dakarvente.com/index.php?page=annonces_categorie&id=8&sort=&nb=2","Ford Escape en location","https://www.dakarvente.com/annonce-40827-ford-escape-en-location.html","Ford Escape en location","40.000  FCFA","Dakar",""
"1732655461-149","https://dakarvente.com/index.php?page=annonces_categorie&id=8&sort=&nb=2","Ford fusion à louer","https://www.dakarvente.com/annonce-40828-ford-fusion-louer.html","Ford fusion à louer","35.000  FCFA","Dakar","media/annonces/pics/cb0aa542a7a5d5a5b7f5720fb1d66adf.jpeg"
"1732655471-150","https://dakarvente.com/index.php?page=annonces_categorie&id=8&sort=&nb=1","Location : Ford fusion titanium.                                   Prix :35000f","https://www.dakarvente.com/annonce-40935-location-ford-fusion-titanium-prix-35000f.html","Location : Ford fusion titanium.                                   Prix :35000f","35.000  FCFA","Dakar","media/annonces/pics/8aeae72c26bff204308ac49808170fbe.jpeg"
"1732655475-151","https://dakarvente.com/index.php?page=annonces_categorie&id=8&sort=&nb=1","Hyundai Elantra en location","https://www.dakarvente.com/annonce-40945-hyundai-elantra-en-location.html","Hyundai Elantra en location","35.000  FCFA","Dakar","media/annonces/pics/01837f06747de62adcfb22678a47f5b7.jpeg"
"1732655478-152","https://dakarvente.com/index.php?page=annonces_categorie&id=8&sort=&nb=1","HYundaï grandeur,","https://www.dakarvente.com/annonce-40946-hyunda-grandeur.html","HYundaï grandeur,","45.000  FCFA","Dakar","media/annonces/pics/47e6b83a34afc113ba81bae4f467504e.jpeg"
"1732655483-153","https://dakarvente.com/index.php?page=annonces_categorie&id=8&sort=&nb=1","Ford fusion","https://www.dakarvente.com/annonce-40947-ford-fusion.html","Ford fusion","40.000  FCFA","Dakar","media/annonces/pics/32b8d0737588632b57a09c7966bbd590.jpeg"
"1732655487-154","https://dakarvente.com/index.php?page=annonces_categorie&id=8&sort=&nb=1","BMW en location","https://www.dakarvente.com/annonce-40948-bmw-en-location.html","BMW en location Logements de qualité à louer","50.000  FCFA","Dakar","media/annonces/pics/57a5454743c1ae9f8aa9294c419a4307.jpeg"
"1732655492-155","https://dakarvente.com/index.php?page=annonces_categorie&id=8&sort=&nb=1","Madza en location","https://www.dakarvente.com/annonce-40949-madza-en-location.html","Madza en location","50.000  FCFA","Dakar","media/annonces/pics/3eb1151776caa2a998866d1e94c8f3ad.jpeg"
"1732655496-156","https://dakarvente.com/index.php?page=annonces_categorie&id=8&sort=&nb=1","Ford Fusion titanium","https://www.dakarvente.com/annonce-41289-ford-fusion-titanium.html","Ford Fusion titanium","35.000  FCFA","Dakar",""
"1732655499-157","https://dakarvente.com/index.php?page=annonces_categorie&id=8&sort=&nb=1","LOCATION VÉHICULES FORD","https://www.dakarvente.com/annonce-41910-location-vhicules-ford.html","LOCATION VÉHICULES FORD","30.000  FCFA","Thiaroye","media/annonces/pics/bbcc0f734406ce1f0dac79f9e7dea7a6.jpg"
"1732655503-158","https://dakarvente.com/index.php?page=annonces_categorie&id=8&sort=&nb=1","Location Kia K7","https://www.dakarvente.com/annonce-42658-location-kia-k7.html","Location Kia K7","35.000  FCFA","Ngor","media/annonces/pics/96a2c0e3fb811b5861a6ce5dfdbf9d3d.jpeg"
"1732655506-159","https://dakarvente.com/index.php?page=annonces_categorie&id=8&sort=&nb=1","LOCATION DE VOITURE/ TRANSPORT AIBD","https://www.dakarvente.com/annonce-42798-location-de-voiture-transport-aibd.html","LOCATION DE VOITURE/ TRANSPORT AIBD","","Dakar","media/annonces/pics/adaf5158f46c064d0cb60d443055a79d.jpeg"
"1732655510-160","https://dakarvente.com/index.php?page=annonces_categorie&id=8&sort=&nb=1","FORD EXPLORER DISPONIBLE POUR LOCATION","https://www.dakarvente.com/annonce-43661-ford-explorer-disponible-pour-location.html","FORD EXPLORER DISPONIBLE POUR LOCATION","60.000  FCFA","Dakar","media/annonces/pics/ab20f48f820666d51b05a1adf7e8a3eb.jpeg"
"1732655514-161","https://dakarvente.com/index.php?page=annonces_categorie&id=8&sort=&nb=1","Hyundai Elantra à louer","https://www.dakarvente.com/annonce-45179-hyundai-elantra-louer.html","Hyundai Elantra à louer","30.000  FCFA","VDN","media/annonces/pics/ba6cc6846adb6460b57622c841f91035.jpeg"
"1732655521-162","https://dakarvente.com/index.php?page=annonces_categorie&id=8&sort=&nb=1","Hyundai Elantra à louer","https://www.dakarvente.com/annonce-45180-hyundai-elantra-louer.html","Hyundai Elantra à louer","30.000  FCFA","Sipres","media/annonces/pics/d943609d152b30de8a4d46786e52e818.jpeg"
"1732655525-163","https://dakarvente.com/index.php?page=annonces_categorie&id=8&sort=&nb=1","LOCATION VOITURE AVEC CHAUFFEUR","https://www.dakarvente.com/annonce-45181-location-voiture-avec-chauffeur.html","LOCATION VOITURE AVEC CHAUFFEUR Logements de qualité à louerConcessionnaires automobiles à proximité","30.000  FCFA","Dakar","media/annonces/pics/32927326f52d1516424417454be3f764.jpeg"
"1732655529-164","https://dakarvente.com/index.php?page=annonces_categorie&id=8&sort=&nb=1","Firdawsi automobile","https://www.dakarvente.com/annonce-45364-firdawsi-automobile.html","Firdawsi automobile","250.000  FCFA","Dakar","media/annonces/pics/57c08300b37167a8abf08e8c7d3f8176.jpeg"
"1732655533-165","https://dakarvente.com/index.php?page=annonces_categorie&id=8&sort=&nb=1","Firdawsi automobile","https://www.dakarvente.com/annonce-45365-firdawsi-automobile.html","Firdawsi automobileConcessionnaires automobiles à proximité","130.000  FCFA","Dakar","media/annonces/pics/70c9a2241da909dfdf76b6cb8c5e6721.jpeg"
"1732655537-166","https://dakarvente.com/index.php?page=annonces_categorie&id=8&sort=&nb=1","Firdawsi automobile","https://www.dakarvente.com/annonce-45366-firdawsi-automobile.html","Firdawsi automobileConcessionnaires automobiles à proximité","40.000  FCFA","Dakar","media/annonces/pics/b16c63d92c2a6ea55386450fa03a817b.jpeg"
"1732655541-167","https://dakarvente.com/index.php?page=annonces_categorie&id=8&sort=&nb=1","Firdawsi automobile","https://www.dakarvente.com/annonce-45367-firdawsi-automobile.html","Firdawsi automobile Concessionnaires automobiles à proximité","60.000  FCFA","Dakar","media/annonces/pics/be1e49430d9fc5e376d38f54bd7f65cb.png"
"1732655544-168","https://dakarvente.com/index.php?page=annonces_categorie&id=8&sort=&nb=1","Firdawsi automobile","https://www.dakarvente.com/annonce-45368-firdawsi-automobile.html","Firdawsi automobileConcessionnaires automobiles à proximité","90.000  FCFA","Dakar","media/annonces/pics/a1d81fe67c2f6eadcbc67f082d4a4d11.jpeg"
"1732655548-169","https://dakarvente.com/index.php?page=annonces_categorie&id=8&sort=&nb=1","Firdawsi automobile","https://www.dakarvente.com/annonce-45369-firdawsi-automobile.html","Firdawsi automobile","300.000  FCFA","Dakar","media/annonces/pics/d939af9510dbb8eec95363776b3e4fd6.jpeg"
"1732655552-170","https://dakarvente.com/index.php?page=annonces_categorie&id=8&sort=&nb=1","Firdawsi automobile","https://www.dakarvente.com/annonce-45370-firdawsi-automobile.html","Firdawsi automobile","300.000  FCFA","Dakar","media/annonces/pics/9178ccb413fda62e4f9d433e6b9a5c3d.jpeg"
"1732655556-171","https://dakarvente.com/index.php?page=annonces_categorie&id=8&sort=&nb=1","Firdawsi automobile","https://www.dakarvente.com/annonce-45371-firdawsi-automobile.html","Firdawsi automobileConcessionnaires automobiles à proximité","250.000  FCFA","Dakar","media/annonces/pics/ce4b5281b1aeca76aba2ada2ad91db91.jpeg"
"1732655559-172","https://dakarvente.com/index.php?page=annonces_categorie&id=8&sort=&nb=1","Firdawsi automobile","https://www.dakarvente.com/annonce-45372-firdawsi-automobile.html","Firdawsi automobile","40.000  FCFA","Dakar","media/annonces/pics/a242a42ed1a8008ca0fa2119910d47d6.jpeg"
"1732655563-173","https://dakarvente.com/index.php?page=annonces_categorie&id=8&sort=&nb=1","Firdawsi automobile","https://www.dakarvente.com/annonce-45373-firdawsi-automobile.html","Firdawsi automobile","50.000  FCFA","Dakar","media/annonces/pics/c4394921d9888413b560b7f506c85b8d.jpeg"
"1732655567-174","https://dakarvente.com/index.php?page=annonces_categorie&id=8&sort=&nb=1","Firdawsi automobile","https://www.dakarvente.com/annonce-45374-firdawsi-automobile.html","Firdawsi automobileConcessionnaires automobiles à proximité","35.000  FCFA","Dakar","media/annonces/pics/95f0b7d5221be5423ea2c2bfeb697d40.jpeg"
"1732655570-175","https://dakarvente.com/index.php?page=annonces_categorie&id=8&sort=&nb=1","Firdawsi automobile","https://www.dakarvente.com/annonce-45375-firdawsi-automobile.html","Firdawsi automobile","35.000  FCFA","Dakar","media/annonces/pics/b17fc8ce6914866b44a07de24f2bd97d.jpeg"
"1732655574-176","https://dakarvente.com/index.php?page=annonces_categorie&id=8&sort=&nb=1","Firdawsi automobile","https://www.dakarvente.com/annonce-45376-firdawsi-automobile.html","Firdawsi automobileConcessionnaires automobiles à proximité","130.000  FCFA","Dakar","media/annonces/pics/33b8ac7c4f6c760d91a02753f40d0374.jpeg"
"1732655583-177","https://dakarvente.com/index.php?page=annonces_categorie&id=8&sort=&nb=1","Firdawsi automobile","https://www.dakarvente.com/annonce-45378-firdawsi-automobile.html","Firdawsi automobile","40.000  FCFA","Dakar","media/annonces/pics/9d3a6a2b49fad05a7893e83fed9b70d4.jpeg"
"1732655586-178","https://dakarvente.com/index.php?page=annonces_categorie&id=8&sort=&nb=1","Firdawsi automobile","https://www.dakarvente.com/annonce-45379-firdawsi-automobile.html","Firdawsi automobile","40.000  FCFA","Dakar",""
"1732655591-179","https://dakarvente.com/index.php?page=annonces_categorie&id=8&sort=&nb=1","Firdawsi automobile","https://www.dakarvente.com/annonce-45380-firdawsi-automobile.html","Firdawsi automobileConcessionnaires automobiles à proximité","35.000  FCFA","Dakar","media/annonces/pics/cc89596ad800553fb054f047d72405ad.jpeg"
"1732655595-180","https://dakarvente.com/index.php?page=annonces_categorie&id=8&sort=&nb=1","Firdawsi automobile","https://www.dakarvente.com/annonce-45382-firdawsi-automobile.html","Firdawsi automobile","150.000  FCFA","Dakar","media/annonces/pics/c78e901b27763e6e13a4beea442f0cd2.jpeg"
"1732655598-181","https://dakarvente.com/index.php?page=annonces_categorie&id=8&sort=&nb=1","Firdawsi automobile","https://www.dakarvente.com/annonce-45383-firdawsi-automobile.html","Firdawsi automobile","120.000  FCFA","Dakar","media/annonces/pics/90f13e4ef3ce9856afc22e9dabcc9664.jpeg"
"1732655602-182","https://dakarvente.com/index.php?page=annonces_categorie&id=8&sort=&nb=1","Firdawsi automobile","https://www.dakarvente.com/annonce-45384-firdawsi-automobile.html","Firdawsi automobile","150.000  FCFA","Dakar","media/annonces/pics/c3e4aca6d4d165a122a69b627f28f185.jpeg"
"1732655606-183","https://dakarvente.com/index.php?page=annonces_categorie&id=8&sort=&nb=1","Firdawsi automobile","https://www.dakarvente.com/annonce-45385-firdawsi-automobile.html","Firdawsi automobile","60.000  FCFA","Dakar","media/annonces/pics/c9c7d6a74dd674d12bb776f2f641692d.jpeg"
"1732655610-184","https://dakarvente.com/index.php?page=annonces_categorie&id=8&sort=&nb=1","Hyundai Sonata 2018","https://www.dakarvente.com/annonce-45547-hyundai-sonata-2018.html","Hyundai Sonata 2018","35.000  FCFA","Almadies","media/annonces/pics/93b4b66b1fa0b6a9f408d4d27c3804d7.jpeg"
"1732655614-185","https://dakarvente.com/index.php?page=annonces_categorie&id=8&sort=&nb=1","BUS A LOUER AVEC CHAUFFEUR","https://www.dakarvente.com/annonce-45866-bus-a-louer-avec-chauffeur.html","BUS A LOUER AVEC CHAUFFEUR","60.000  FCFA","Pikine","media/annonces/pics/44d0fb4f95a4ef7ecbb15e57c188a920.jpeg"
"1732655617-186","https://dakarvente.com/index.php?page=annonces_categorie&id=8&sort=&nb=1","Location Ford Escape titanium 2014","https://www.dakarvente.com/annonce-45868-location-ford-escape-titanium-2014.html","Location Ford Escape titanium 2014","35.000  FCFA","Keur Massar","media/annonces/pics/4ca062de9696ca9a5eb69d92a7bd79d5.jpeg"
"1732655620-187","https://dakarvente.com/index.php?page=annonces_categorie&id=8&sort=&nb=1","Subaru forester","https://www.dakarvente.com/annonce-45973-subaru-forester.html","Subaru forester","35.000  FCFA","VDN","media/annonces/pics/0624e1ebd4b8bb1f05e8fa6483489b21.jpg"
"1732655624-188","https://dakarvente.com/index.php?page=annonces_categorie&id=8&sort=&nb=1","Firdawsi automobile","https://www.dakarvente.com/annonce-45381-firdawsi-automobile.html","Firdawsi automobile","250.000  FCFA","Dakar","media/annonces/pics/2faacfde866a9091c21a903ea27e07de.jpeg"
"1732655628-189","https://dakarvente.com/index.php?page=annonces_categorie&id=8&sort=&nb=1","Dodge caravan","https://www.dakarvente.com/annonce-47137-dodge-caravan.html","Dodge caravan","35.000  FCFA","Ouakam","media/annonces/pics/414a43c0050d6f20827ae56b7186713c.jpeg"
"1732655632-190","https://dakarvente.com/index.php?page=annonces_categorie&id=8&sort=&nb=1","Location voiture","https://www.dakarvente.com/annonce-48228-location-voiture.html","Location voiture","25.000  FCFA","Mamelles","img/nophoto.png"
